{"precision": 0.7181314330958036, "recall": 0.6054739652870494, "fbeta": 0.6570083303151032}