{"precision": 0.7295733911785972, "recall": 0.6569010416666666, "fbeta": 0.6913326481671805}